<?xml version="1.0" encoding="UTF-8"?>
<!-- vi: set et smarttab sw=4 tabstop=4: -->
<!--
 Copyright (c) 2013 Cisco Systems, Inc. and others.  All rights reserved.

 This program and the accompanying materials are made available under the
 terms of the Eclipse Public License v1.0 which accompanies this distribution,
 and is available at http://www.eclipse.org/legal/epl-v10.html
-->
<snapshot>
  <configuration>
    <data xmlns="urn:ietf:params:xml:ns:netconf:base:1.0">
      <modules xmlns="urn:opendaylight:params:xml:ns:yang:controller:config">

        <!-- Netconf dispatcher to be used by all netconf-connectors --> 
        <module>
          <type xmlns:prefix="urn:opendaylight:params:xml:ns:yang:controller:config:netconf:client:dispatcher">prefix:netconf-client-dispatcher</type>
          <name>global-netconf-dispatcher</name>
          <boss-thread-group xmlns="urn:opendaylight:params:xml:ns:yang:controller:config:netconf:client:dispatcher">
            <type xmlns:prefix="urn:opendaylight:params:xml:ns:yang:controller:netty">prefix:netty-threadgroup</type>
            <name>global-boss-group</name>
          </boss-thread-group>
          <worker-thread-group xmlns="urn:opendaylight:params:xml:ns:yang:controller:config:netconf:client:dispatcher">
            <type xmlns:prefix="urn:opendaylight:params:xml:ns:yang:controller:netty">prefix:netty-threadgroup</type>
            <name>global-worker-group</name>
          </worker-thread-group>
          <timer xmlns="urn:opendaylight:params:xml:ns:yang:controller:config:netconf:client:dispatcher">
            <type xmlns:prefix="urn:opendaylight:params:xml:ns:yang:controller:netty">prefix:netty-timer</type>
            <name>global-timer</name>
          </timer>
        </module>  

        <!-- Loopback connection to netconf server in controller using netconf-connector -->
        <module>
          <type xmlns:prefix="urn:opendaylight:params:xml:ns:yang:controller:md:sal:connector:netconf">prefix:sal-netconf-connector</type>
          <name>controller-config</name>
          <address xmlns="urn:opendaylight:params:xml:ns:yang:controller:md:sal:connector:netconf">127.0.0.1</address>
          <port xmlns="urn:opendaylight:params:xml:ns:yang:controller:md:sal:connector:netconf">1830</port>
          <username xmlns="urn:opendaylight:params:xml:ns:yang:controller:md:sal:connector:netconf">admin</username>
          <password xmlns="urn:opendaylight:params:xml:ns:yang:controller:md:sal:connector:netconf">admin</password>
          <tcp-only xmlns="urn:opendaylight:params:xml:ns:yang:controller:md:sal:connector:netconf">false</tcp-only>
          <event-executor xmlns="urn:opendaylight:params:xml:ns:yang:controller:md:sal:connector:netconf">
            <type xmlns:prefix="urn:opendaylight:params:xml:ns:yang:controller:netty">prefix:netty-event-executor</type>
            <name>global-event-executor</name>
          </event-executor>
          <dom-registry xmlns="urn:opendaylight:params:xml:ns:yang:controller:md:sal:connector:netconf">
            <type xmlns:prefix="urn:opendaylight:params:xml:ns:yang:controller:md:sal:dom">prefix:dom-broker-osgi-registry</type>
            <name>dom-broker</name>
          </dom-registry>
          <client-dispatcher xmlns="urn:opendaylight:params:xml:ns:yang:controller:md:sal:connector:netconf">
            <type xmlns:prefix="urn:opendaylight:params:xml:ns:yang:controller:config:netconf">prefix:netconf-client-dispatcher</type>
            <name>global-netconf-dispatcher</name>
          </client-dispatcher>
        </module>
      </modules>

      <services xmlns="urn:opendaylight:params:xml:ns:yang:controller:config">
        <service>
          <type xmlns:prefix="urn:opendaylight:params:xml:ns:yang:controller:config:netconf">prefix:netconf-client-dispatcher</type>
          <instance>
            <name>global-netconf-dispatcher</name>
            <provider>/modules/module[type='netconf-client-dispatcher'][name='global-netconf-dispatcher']</provider>
          </instance>
        </service>
      </services>

    </data>
  </configuration>
  <required-capabilities>
      <capability>urn:opendaylight:params:xml:ns:yang:controller:md:sal:connector:netconf?module=odl-sal-netconf-connector-cfg&amp;revision=2013-10-28</capability>
      <capability>urn:opendaylight:params:xml:ns:yang:controller:config:netconf:client:dispatcher?module=odl-netconfig-client-cfg&amp;revision=2014-04-08</capability>
  </required-capabilities>
</snapshot>
