<?xml version="1.0" encoding="UTF-8"?>
<!-- vi: set et smarttab sw=4 tabstop=4: -->
<!--
 Copyright (c) 2013 Cisco Systems, Inc. and others.  All rights reserved.

 This program and the accompanying materials are made available under the
 terms of the Eclipse Public License v1.0 which accompanies this distribution,
 and is available at http://www.eclipse.org/legal/epl-v10.html
-->
<snapshot>
    <configuration>
        <data xmlns="urn:ietf:params:xml:ns:netconf:base:1.0">
            <modules xmlns="urn:opendaylight:params:xml:ns:yang:controller:config">
                <module>
                    <type xmlns:toaster="urn:opendaylight:params:xml:ns:yang:controller:config:toaster-provider:impl">
                        toaster:toaster-provider-impl
                    </type>
                    <name>toaster-provider-impl</name>

                    <rpc-registry>
                        <type xmlns:binding="urn:opendaylight:params:xml:ns:yang:controller:md:sal:binding">binding:binding-rpc-registry</type>
                        <name>binding-rpc-broker</name>
                    </rpc-registry>

                    <data-broker>
                        <type xmlns:binding="urn:opendaylight:params:xml:ns:yang:controller:md:sal:binding">binding:binding-data-broker</type>
                        <name>binding-data-broker</name>
                    </data-broker>
                    
                    <notification-service>
                        <type xmlns:binding="urn:opendaylight:params:xml:ns:yang:controller:md:sal:binding">
                            binding:binding-notification-service
                        </type>
                        <name>binding-notification-broker</name>
                    </notification-service>
                </module>

                <module>
                    <type xmlns:kitchen="urn:opendaylight:params:xml:ns:yang:controller:config:kitchen-service:impl">
                        kitchen:kitchen-service-impl
                    </type>
                    <name>kitchen-service-impl</name>

                    <rpc-registry>
                        <type xmlns:binding="urn:opendaylight:params:xml:ns:yang:controller:md:sal:binding">binding:binding-rpc-registry</type>
                        <name>binding-rpc-broker</name>
                    </rpc-registry>

                    <notification-service>
                        <type xmlns:binding="urn:opendaylight:params:xml:ns:yang:controller:md:sal:binding">
                            binding:binding-notification-service
                        </type>
                        <name>binding-notification-broker</name>
                    </notification-service>
                </module>
            </modules>
            
            <services xmlns="urn:opendaylight:params:xml:ns:yang:controller:config">
                <service>
                    <type xmlns:kitchen="urn:opendaylight:params:xml:ns:yang:controller:config:kitchen-service:impl">
                        kitchen:kitchen-service
                    </type>
                    <instance>
                        <name>kitchen-service</name>
                        <provider>/modules/module[type='kitchen-service-impl'][name='kitchen-service-impl']</provider>
                    </instance>
                </service>
            </services>
        </data>

    </configuration>

    <required-capabilities>
        <capability>urn:opendaylight:params:xml:ns:yang:controller:config:kitchen-service:impl?module=kitchen-service-impl&amp;revision=2014-01-31</capability>
        <capability>urn:opendaylight:params:xml:ns:yang:controller:config:toaster-provider:impl?module=toaster-provider-impl&amp;revision=2014-01-31</capability>
    </required-capabilities>

</snapshot>

